file,payload
0041333664453.jpg,96452278
0070177118525.jpg,083230
0070501053409.jpg,30014296
0224607004692.jpg,138083
0323900038134.jpg,96603088
0381370033875.jpg,30019777
0381370036913.jpg,731709
0381371150786.jpg,6081521
0381371154050.jpg,30009195
05102009131.jpg,2A127693515
05102009132.jpg,2A127693515
05102009133.jpg,2A127693515
05102009134.jpg,2A127693515
05102009161.jpg,372260C
05102009162.jpg,372260C
05102009163.jpg,372260C
20140607_200814.jpg,96669981
20140607_200820.jpg,96669979
20140607_203942.jpg,111271002b03
20200916_213408.jpg,6108609
2366377053116_2.jpg,5699
2625078022631.jpg,b5dcb01e
3013520080312.jpg,67704810
3041090008252.jpg,10153649
3041090008269.jpg,10236598
3046920010382.jpg,258602
3046920026826.jpg,257834
3095758798108.jpg,452570
3263858330621.jpg,113449
3263859475321.jpg,114705
3574660283020-01_N95.jpg,109124
4014400900651.jpg,256011
4084500919990.jpg,91700467
4902777015927.jpg,2046647481604191443
5028030001649.jpg,113242
5053990137787.jpg,K162237000
5054775703302.jpg,330255c
5057967620821.jpg,10020673
8710908934711_1.jpg,7050907
8711200402779.jpg,SCHST18
8712100717345.jpg,9207476
8719200059641.jpg,67837880
8801008700129.jpg,6108593
8801008700129_1.jpg,6108593
8886467105357.jpg,K116316800
Excise_stamp_0002.jpg,112-101446288593310715524386696526
Excise_stamp_0004.jpg,138-103076699739060515021571971247
Excise_stamp_0007.jpg,203-05280940889051214949107110359
Excise_stamp_0014.jpg,145-003037541096151116904513372088
Excise_stamp_0015.jpg,145-003055995780250517370833049747
Excise_stamp_0016.jpg,145-003039084547151116467449483704
Excise_stamp_0018.jpg,216-06707078862190517645896558115
Excise_stamp_0020.jpg,145-003036359675151116148045967683
Excise_stamp_0022.jpg,145-003055995781250517389466021005
Excise_stamp_0024.jpg,147-003087873408110817645705930784
Excise_stamp_0025.jpg,216-06643289443190517550917645028
Excise_stamp_0026.jpg,216-06643289443190517550917645028
Excise_stamp_0028.jpg,216-06794384809240717757756065995
Excise_stamp_0029.jpg,145-003087393966160817756761945395
Excise_stamp_0030.jpg,145-003087393957160817589065204071
Excise_stamp_0031.jpg,145-003087393972160817868559772944
Excise_stamp_0032.jpg,216-05994821367060716950951620706
Excise_stamp_0033.jpg,228-06769360801220517359467820770
Excise_stamp_0034.jpg,228-06769360801220517359467820770
Excise_stamp_0035.jpg,216-05852736989301115361074894424
Excise_stamp_0036.jpg,216-06646866366190517614813422286
Excise_stamp_0037.jpg,216-06166659843290816648442233121
Excise_stamp_0038.jpg,145-003088098109160817393422522661
Excise_stamp_0039.jpg,145-003087769084160817568169726679
Excise_stamp_0040.jpg,145-003088098083160817908965269948
Excise_stamp_0041.jpg,145-003088098082160817890332298689
Excise_stamp_0042.jpg,145-003087769082160817530903784162
Excise_stamp_0043.jpg,145-003087393953160817514533319038
Excise_stamp_0044.jpg,138-103957579644241017076055328734
Excise_stamp_0045.jpg,145-003087769086160817605435669195
Excise_stamp_0047.jpg,216-05205291955101014435237386041
Excise_stamp_0048.jpg,216-06136391025260816473041513391
Excise_stamp_0050.jpg,145-003087769080160817493637841646
Excise_stamp_0051.jpg,145-003087105115140817138587230762
Excise_stamp_0052.jpg,216-05527706770190615980173885969
Excise_stamp_0054.jpg,216-05805774898301115938178938934
Excise_stamp_0055.jpg,216-06643289445190517663465362498
IMAG0482.jpg,7610400068482
ProductBarcode106.jpg,91394950
ProductBarcode112_0.jpg,91170937
Special_0004.jpg,05002854+223905+0+ohneSV+FVA_JTM
Special_0008.jpg,M10A1008
Special_0025.jpg,00104482723122O31513102116111302JALA
Special_0056.jpg,CN0V7M4J6418063M01RLA00
Special_0067.jpg,V06375348
Special_0125.jpg,^
Special_0126.jpg,^
Special_0138.jpg,002100340035002100300031004E00450036003400330031003400300039003600310030003700310031003100380032003000300034003900320030003700360031003300310039003700300030003000340036003000300032003100300031003000300032003000300030003100300035003900380030003000300030003100980014001C00460052002700C90067004500FD00C100E6004B007B007B008F00AA00F200F5001A00BA00B400C700C7004D009C00FC0031000600780028009000CE00DB00AB00BF0006000500BC00AE0047000500F8000F0007008000CE0011
Special_0139.jpg,^
Special_0157.jpg,L5Q8D7UDT000905
Special_0161.jpg,^
Special_0171.jpg,00531
Special_0225.jpg,^
Special_0232.jpg,IDNNT200184000000104002540060000005413029FF
Special_0249.jpg,145771558000001011
Special_0250.jpg,145100865000001599
Special_0255.jpg,934814800000
Special_0258.jpg,935670800000
Special_0259.jpg,935670700001
Special_0261.jpg,794945000000
Special_0262.jpg,794944900000
Special_0267.jpg,^
Special_0269.jpg,997736200000
Special_0271.jpg,^
Special_0309.jpg,^
